,DOSE1,DOSE2,DOSE3,DOSE4,DOSE5,DOSE6,DOSE7,DOSE8,DOSE9
Expression.G20461.HSC.3.2,Resistant,Resistant,Resistant,Sensitive,Sensitive,Sensitive,Sensitive,Sensitive,Sensitive
Expression.G20463.C2BBe1.2,Sensitive,Sensitive,Sensitive,Sensitive,Sensitive,Sensitive,Sensitive,Sensitive,Sensitive
Expression.G20466.5637.2,Resistant,Resistant,Resistant,Resistant,Sensitive,Sensitive,Sensitive,Sensitive,Sensitive
Expression.G20468.DMS_53.2,Resistant,Resistant,Sensitive,Sensitive,Sensitive,Sensitive,Sensitive,Sensitive,Sensitive
Expression.G20469.JHOS.2.2,Sensitive,Sensitive,Sensitive,Sensitive,Sensitive,Sensitive,Sensitive,Sensitive,Sensitive
Expression.G20471.Daoy.2,Sensitive,Sensitive,Sensitive,Sensitive,Sensitive,Sensitive,Sensitive,Sensitive,Sensitive
Expression.G20472.CHP.212.2,Resistant,Sensitive,Sensitive,Sensitive,Sensitive,Sensitive,Sensitive,Sensitive,Sensitive
Expression.G20474.Hs_746T.2,Sensitive,Sensitive,Sensitive,Sensitive,Sensitive,Sensitive,Sensitive,Sensitive,Sensitive
Expression.G20475.EFO.27.2,Resistant,Resistant,Resistant,Resistant,Sensitive,Sensitive,Sensitive,Sensitive,Sensitive
Expression.G20477.COLO_668.2,Resistant,Resistant,Resistant,Resistant,Resistant,Sensitive,Sensitive,Sensitive,Sensitive
Expression.G20478.AGS.2,Resistant,Resistant,Sensitive,Sensitive,Sensitive,Sensitive,Sensitive,Sensitive,Sensitive
Expression.G20482.DMS_114.2,Resistant,Resistant,Resistant,Resistant,Resistant,Resistant,Sensitive,Sensitive,Sensitive
Expression.G20483.HCC.15.2,Resistant,Resistant,Resistant,Resistant,Resistant,Sensitive,Sensitive,Sensitive,Sensitive
Expression.G20484.ESS.1.2,Resistant,Resistant,Resistant,Sensitive,Sensitive,Sensitive,Sensitive,Sensitive,Sensitive
Expression.G20486.Calu.1.2,Resistant,Resistant,Resistant,Sensitive,Sensitive,Sensitive,Sensitive,Sensitive,Sensitive
Expression.G20487.KATO_III.2,Sensitive,Sensitive,Sensitive,Sensitive,Resistant,Sensitive,Sensitive,Sensitive,Sensitive
Expression.G20489.G.401.2,Resistant,Resistant,Sensitive,Sensitive,Sensitive,Sensitive,Sensitive,Sensitive,Sensitive
Expression.G20493.KNS.62.2,Sensitive,Sensitive,Sensitive,Sensitive,Sensitive,Sensitive,Sensitive,Sensitive,Sensitive
Expression.G20494.HARA.2,Resistant,Resistant,Sensitive,Sensitive,Sensitive,Sensitive,Sensitive,Sensitive,Sensitive
Expression.G20495.786.O.2,Resistant,Sensitive,Sensitive,Sensitive,Sensitive,Sensitive,Sensitive,Sensitive,Sensitive
Expression.G20496.HCC1954.2,Resistant,Resistant,Resistant,Resistant,Resistant,Sensitive,Sensitive,Sensitive,Sensitive
Expression.G20498.KYSE.180.2,Resistant,Sensitive,Sensitive,Sensitive,Sensitive,Sensitive,Sensitive,Sensitive,Sensitive
Expression.G20500.IGR.37.2,Resistant,Resistant,Sensitive,Sensitive,Sensitive,Sensitive,Sensitive,Sensitive,Sensitive
Expression.G20501.KYSE.410.2,Resistant,Resistant,Resistant,Sensitive,Sensitive,Sensitive,Sensitive,Sensitive,Sensitive
Expression.G20502.22Rv1.2,Resistant,Resistant,Resistant,Sensitive,Sensitive,Sensitive,Sensitive,Sensitive,Sensitive
Expression.G20504.HCC.44.2,Resistant,Resistant,Resistant,Sensitive,Sensitive,Sensitive,Sensitive,Sensitive,Sensitive
Expression.G20506.DU_145.2,Resistant,Resistant,Resistant,Resistant,Resistant,Resistant,Resistant,Resistant,Resistant
Expression.G20507.HCT.15.2,Resistant,Resistant,Resistant,Resistant,Resistant,Resistant,Resistant,Sensitive,Sensitive
Expression.G25201.MKN74.1,Resistant,Resistant,Resistant,Sensitive,Sensitive,Sensitive,Sensitive,Sensitive,Sensitive
Expression.G25202.NCI.H2052.1,Resistant,Resistant,Resistant,Resistant,Resistant,Resistant,Resistant,Resistant,Resistant
Expression.G25205.NCI.H2286.1,Resistant,Resistant,Resistant,Resistant,Resistant,Resistant,Resistant,Resistant,Resistant
Expression.G25209.NCI.H1299.1,Resistant,Resistant,Resistant,Resistant,Sensitive,Sensitive,Sensitive,Sensitive,Sensitive
Expression.G25212.NCI.H661.1,Resistant,Resistant,Resistant,Resistant,Resistant,Resistant,Resistant,Sensitive,Sensitive
Expression.G25214.MKN7.1,Resistant,Resistant,Resistant,Resistant,Resistant,Resistant,Resistant,Sensitive,Sensitive
Expression.G25216.NCI.H1666.1,Resistant,Resistant,Resistant,Sensitive,Sensitive,Sensitive,Sensitive,Sensitive,Sensitive
Expression.G25217.NCI.H1341.1,Resistant,Resistant,Resistant,Sensitive,Sensitive,Sensitive,Sensitive,Sensitive,Sensitive
Expression.G25218.KYSE.450.1,Resistant,Resistant,Resistant,Resistant,Resistant,Resistant,Resistant,Resistant,Resistant
Expression.G25221.NCI.H747.1,Sensitive,Sensitive,Sensitive,Sensitive,Sensitive,Sensitive,Sensitive,Sensitive,Sensitive
Expression.G25225.NCI.H522.1,Resistant,Resistant,Resistant,Resistant,Sensitive,Sensitive,Sensitive,Sensitive,Sensitive
Expression.G25231.NCI.H69.1,Resistant,Resistant,Resistant,Sensitive,Sensitive,Sensitive,Sensitive,Sensitive,Sensitive
Expression.G25232.NCI.H1048.1,Resistant,Resistant,Resistant,Resistant,Sensitive,Sensitive,Sensitive,Sensitive,Sensitive
Expression.G25236.NCI.H650.1,Resistant,Resistant,Resistant,Resistant,Resistant,Sensitive,Sensitive,Sensitive,Sensitive
Expression.G25238.MKN.45.1,Resistant,Resistant,Resistant,Resistant,Sensitive,Sensitive,Sensitive,Sensitive,Sensitive
Expression.G25239.MFE.296.1,Resistant,Resistant,Resistant,Resistant,Resistant,Resistant,Resistant,Sensitive,Sensitive
Expression.G25240.NCI.H1651.3,Resistant,Resistant,Resistant,Sensitive,Sensitive,Sensitive,Sensitive,Sensitive,Sensitive
Expression.G25241.NCI.H211.1,Resistant,Resistant,Resistant,Resistant,Resistant,Resistant,Resistant,Sensitive,Sensitive
Expression.G25244.NCI.H1650.1,Resistant,Resistant,Resistant,Resistant,Resistant,Resistant,Resistant,Resistant,Sensitive
Expression.G25245.NCI.H196.1,Resistant,Resistant,Resistant,Resistant,Sensitive,Sensitive,Sensitive,Sensitive,Sensitive
Expression.G25246.NCI.H2196.1,Resistant,Resistant,Resistant,Resistant,Sensitive,Sensitive,Sensitive,Sensitive,Sensitive
Expression.G26172.KALS.1.2,Resistant,Resistant,Sensitive,Sensitive,Sensitive,Sensitive,Sensitive,Sensitive,Sensitive
Expression.G26173.GB.1.2,Resistant,Resistant,Resistant,Sensitive,Sensitive,Sensitive,Sensitive,Sensitive,Sensitive
Expression.G26175.A172.2,Resistant,Resistant,Resistant,Sensitive,Sensitive,Sensitive,Sensitive,Sensitive,Sensitive
Expression.G26176.CAL.51.2,Sensitive,Sensitive,Sensitive,Sensitive,Sensitive,Sensitive,Sensitive,Sensitive,Sensitive
Expression.G26179.IGROV1.2,Resistant,Resistant,Resistant,Resistant,Sensitive,Sensitive,Sensitive,Sensitive,Sensitive
Expression.G26181.FU.OV.1.2,Resistant,Resistant,Resistant,Sensitive,Sensitive,Sensitive,Sensitive,Sensitive,Sensitive
Expression.G26183.COV318.2,Resistant,Resistant,Resistant,Sensitive,Sensitive,Sensitive,Sensitive,Sensitive,Sensitive
Expression.G26184.NCI.H1792.2,Resistant,Resistant,Resistant,Resistant,Resistant,Sensitive,Sensitive,Sensitive,Sensitive
Expression.G26186.C32.2,Resistant,Resistant,Resistant,Sensitive,Sensitive,Sensitive,Sensitive,Sensitive,Sensitive
Expression.G26188.GMS.10.2,Resistant,Resistant,Resistant,Sensitive,Sensitive,Sensitive,Sensitive,Sensitive,Sensitive
Expression.G26189.CFPAC.1.2,Resistant,Resistant,Resistant,Resistant,Resistant,Resistant,Resistant,Resistant,Sensitive
Expression.G26190.OAW42.2,Resistant,Resistant,Sensitive,Resistant,Sensitive,Sensitive,Sensitive,Sensitive,Sensitive
Expression.G26191.COV362.2,Resistant,Resistant,Resistant,Sensitive,Sensitive,Sensitive,Sensitive,Sensitive,Sensitive
Expression.G26192.BT.20.2,Resistant,Resistant,Resistant,Sensitive,Sensitive,Sensitive,Sensitive,Sensitive,Sensitive
Expression.G26194.HCC827.2,Resistant,Sensitive,Sensitive,Sensitive,Sensitive,Sensitive,Sensitive,Sensitive,Sensitive
Expression.G26197.NCI.H23.2,Resistant,Resistant,Resistant,Resistant,Sensitive,Sensitive,Sensitive,Sensitive,Sensitive
Expression.G26198.KNS.60.2,Resistant,Resistant,Resistant,Resistant,Sensitive,Sensitive,Sensitive,Sensitive,Sensitive
Expression.G26199.LN.229.2,Resistant,Resistant,Resistant,Resistant,Sensitive,Sensitive,Sensitive,Sensitive,Sensitive
Expression.G26201.COLO.783.2,Resistant,Resistant,Sensitive,Sensitive,Sensitive,Sensitive,Sensitive,Sensitive,Sensitive
Expression.G26203.NCI.H838.2,Resistant,Resistant,Resistant,Sensitive,Sensitive,Sensitive,Sensitive,Sensitive,Sensitive
Expression.G26204.LoVo.2,Resistant,Resistant,Resistant,Sensitive,Sensitive,Sensitive,Sensitive,Sensitive,Sensitive
Expression.G26208.JHOC.5.2,Resistant,Resistant,Resistant,Sensitive,Sensitive,Sensitive,Sensitive,Sensitive,Sensitive
Expression.G26209.AM.38.2,Resistant,Resistant,Resistant,Sensitive,Sensitive,Sensitive,Sensitive,Sensitive,Sensitive
Expression.G26210.JHOM.1.2,Sensitive,Sensitive,Sensitive,Sensitive,Sensitive,Sensitive,Sensitive,Sensitive,Sensitive
Expression.G26211.NCI.H508.2,Resistant,Resistant,Resistant,Resistant,Resistant,Resistant,Resistant,Sensitive,Sensitive
Expression.G26212.A.673.2,Resistant,Resistant,Sensitive,Sensitive,Sensitive,Sensitive,Sensitive,Sensitive,Sensitive
Expression.G26215.Hey.A8.2,Resistant,Resistant,Resistant,Resistant,Sensitive,Sensitive,Sensitive,Sensitive,Sensitive
Expression.G26216.KP.2.2,Resistant,Resistant,Resistant,Resistant,Sensitive,Sensitive,Sensitive,Sensitive,Sensitive
Expression.G26217.DK.MG.2,Resistant,Resistant,Resistant,Resistant,Resistant,Resistant,Sensitive,Sensitive,Sensitive
Expression.G26218.HEC.1.A.2,Resistant,Resistant,Resistant,Resistant,Sensitive,Sensitive,Sensitive,Sensitive,Sensitive
Expression.G26219.HLF.2,Resistant,Resistant,Resistant,Sensitive,Sensitive,Sensitive,Sensitive,Sensitive,Sensitive
Expression.G26222.NIH_OVCAR.3.2,Resistant,Resistant,Resistant,Resistant,Resistant,Resistant,Sensitive,Sensitive,Sensitive
Expression.G26224.NCI.H2452.2,Resistant,Resistant,Sensitive,Sensitive,Sensitive,Sensitive,Sensitive,Sensitive,Sensitive
Expression.G26225.HPAF.II.2,Resistant,Resistant,Sensitive,Sensitive,Sensitive,Sensitive,Sensitive,Sensitive,Sensitive
Expression.G26226.NCI.N87.2,Resistant,Resistant,Resistant,Resistant,Resistant,Sensitive,Sensitive,Sensitive,Sensitive
Expression.G26228.Hs_683.2,Resistant,Resistant,Resistant,Resistant,Resistant,Resistant,Sensitive,Sensitive,Sensitive
Expression.G26230.L3.3.2,Resistant,Resistant,Resistant,Sensitive,Sensitive,Sensitive,Sensitive,Sensitive,Sensitive
Expression.G26231.COV434.2,Resistant,Resistant,Resistant,Resistant,Resistant,Resistant,Resistant,Sensitive,Sensitive
Expression.G26233.Hs_766T.2,Resistant,Resistant,Resistant,Resistant,Resistant,Resistant,Sensitive,Sensitive,Sensitive
Expression.G26235.A.204.2,Resistant,Resistant,Resistant,Resistant,Sensitive,Sensitive,Sensitive,Sensitive,Sensitive
Expression.G26237.A2058.2,Resistant,Sensitive,Sensitive,Sensitive,Sensitive,Sensitive,Sensitive,Sensitive,Sensitive
Expression.G26240.MIA_PaCa.2.2,Resistant,Resistant,Sensitive,Sensitive,Sensitive,Sensitive,Sensitive,Sensitive,Sensitive
Expression.G26241.BxPC.3.2,Resistant,Resistant,Resistant,Resistant,Sensitive,Sensitive,Sensitive,Sensitive,Sensitive
Expression.G26242.Caov.3.2,Resistant,Resistant,Sensitive,Sensitive,Sensitive,Sensitive,Sensitive,Sensitive,Sensitive
Expression.G26243.HT.1197.2,Resistant,Resistant,Resistant,Sensitive,Sensitive,Sensitive,Sensitive,Sensitive,Sensitive
Expression.G26245.NUGC.3.2,Resistant,Sensitive,Sensitive,Sensitive,Sensitive,Sensitive,Sensitive,Sensitive,Sensitive
Expression.G26247.GP2d.2,Resistant,Resistant,Resistant,Sensitive,Sensitive,Sensitive,Sensitive,Sensitive,Sensitive
Expression.G26248.LS411N.2,Resistant,Resistant,Resistant,Sensitive,Sensitive,Sensitive,Sensitive,Sensitive,Sensitive
Expression.G26250.BT.474.2,Resistant,Resistant,Resistant,Resistant,Resistant,Resistant,Sensitive,Sensitive,Sensitive
Expression.G26251.ACHN.2,Resistant,Sensitive,Sensitive,Sensitive,Sensitive,Sensitive,Sensitive,Sensitive,Sensitive
Expression.G26252.AsPC.1.2,Resistant,Sensitive,Sensitive,Sensitive,Sensitive,Sensitive,Sensitive,Sensitive,Sensitive
Expression.G26254.EFE.184.2,Resistant,Sensitive,Sensitive,Sensitive,Sensitive,Sensitive,Sensitive,Sensitive,Sensitive
Expression.G26256.Hs_944.T.2,Resistant,Resistant,Sensitive,Sensitive,Sensitive,Sensitive,Sensitive,Sensitive,Sensitive
Expression.G26258.DBTRG.05MG.2,Resistant,Resistant,Sensitive,Sensitive,Sensitive,Sensitive,Sensitive,Sensitive,Sensitive
Expression.G26263.LK.2.2,Resistant,Sensitive,Sensitive,Sensitive,Sensitive,Sensitive,Sensitive,Sensitive,Sensitive
Expression.G26264.NCI.H1975.2,Sensitive,Sensitive,Sensitive,Sensitive,Sensitive,Sensitive,Sensitive,Sensitive,Sensitive
Expression.G26265.KURAMOCHI.2,Sensitive,Sensitive,Sensitive,Sensitive,Sensitive,Sensitive,Sensitive,Sensitive,Sensitive
Expression.G27202.SW480.1,Resistant,Resistant,Resistant,Sensitive,Sensitive,Sensitive,Sensitive,Sensitive,Sensitive
Expression.G27203.SNU.387.1,Resistant,Resistant,Sensitive,Sensitive,Sensitive,Sensitive,Sensitive,Sensitive,Sensitive
Expression.G27205.SNU.1105.1,Resistant,Resistant,Resistant,Sensitive,Sensitive,Sensitive,Sensitive,Sensitive,Sensitive
Expression.G27207.SK.OV.3.1,Resistant,Resistant,Resistant,Sensitive,Sensitive,Sensitive,Sensitive,Sensitive,Sensitive
Expression.G27208.SU.86.86.1,Resistant,Resistant,Resistant,Resistant,Sensitive,Sensitive,Sensitive,Sensitive,Sensitive
Expression.G27209.8505C.1,Resistant,Resistant,Resistant,Resistant,Sensitive,Sensitive,Sensitive,Sensitive,Sensitive
Expression.G27211.SW_1990.1,Resistant,Sensitive,Sensitive,Sensitive,Sensitive,Sensitive,Sensitive,Sensitive,Sensitive
Expression.G27212.SNU.475.1,Resistant,Resistant,Resistant,Resistant,Resistant,Sensitive,Sensitive,Sensitive,Sensitive
Expression.G27214.PC.3.1,Sensitive,Sensitive,Resistant,Sensitive,Sensitive,Sensitive,Sensitive,Sensitive,Sensitive
Expression.G27216.SNU.423.1,Resistant,Resistant,Resistant,Resistant,Sensitive,Sensitive,Sensitive,Sensitive,Sensitive
Expression.G27217.TCCSUP.1,Sensitive,Sensitive,Sensitive,Sensitive,Sensitive,Sensitive,Sensitive,Sensitive,Sensitive
Expression.G27218.OV7.1,Resistant,Resistant,Resistant,Resistant,Resistant,Resistant,Sensitive,Sensitive,Sensitive
Expression.G27219.Panc_03.27.1,Resistant,Resistant,Resistant,Resistant,Sensitive,Sensitive,Sensitive,Sensitive,Sensitive
Expression.G27221.SF126.1,Resistant,Resistant,Resistant,Resistant,Resistant,Sensitive,Resistant,Sensitive,Sensitive
Expression.G27222.769.P.1,Resistant,Resistant,Resistant,Resistant,Resistant,Resistant,Resistant,Resistant,Resistant
Expression.G27223.SNU.C2A.1,Resistant,Resistant,Resistant,Resistant,Sensitive,Sensitive,Sensitive,Sensitive,Sensitive
Expression.G27225.SW_1271.1,Resistant,Sensitive,Sensitive,Sensitive,Sensitive,Sensitive,Sensitive,Sensitive,Sensitive
Expression.G27227.SJSA.1.1,Resistant,Resistant,Resistant,Sensitive,Sensitive,Sensitive,Sensitive,Sensitive,Sensitive
Expression.G27228.A101D.1,Resistant,Resistant,Resistant,Resistant,Resistant,Resistant,Resistant,Resistant,Resistant
Expression.G27231.RMUG.S.1,Resistant,Resistant,Resistant,Sensitive,Sensitive,Sensitive,Sensitive,Sensitive,Sensitive
Expression.G27233.A.498.1,Resistant,Resistant,Resistant,Sensitive,Sensitive,Sensitive,Sensitive,Sensitive,Sensitive
Expression.G27234.647.V.1,Resistant,Resistant,Resistant,Sensitive,Sensitive,Sensitive,Sensitive,Sensitive,Sensitive
Expression.G27235.BC.3C.1,Sensitive,Sensitive,Sensitive,Sensitive,Sensitive,Sensitive,Sensitive,Sensitive,Sensitive
Expression.G27238.SNU.840.1,Resistant,Resistant,Resistant,Resistant,Resistant,Resistant,Resistant,Sensitive,Sensitive
Expression.G27239.ACC.MESO.1.1,Resistant,Resistant,Sensitive,Sensitive,Sensitive,Sensitive,Sensitive,Sensitive,Sensitive
Expression.G27242.Panc_08.13.1,Resistant,Sensitive,Sensitive,Sensitive,Sensitive,Sensitive,Sensitive,Sensitive,Sensitive
Expression.G27243.SK.MEL.30.1,Resistant,Resistant,Resistant,Sensitive,Sensitive,Sensitive,Sensitive,Sensitive,Sensitive
Expression.G27244.ONS.76.1,Resistant,Resistant,Resistant,Resistant,Resistant,Sensitive,Sensitive,Sensitive,Sensitive
Expression.G27247.SW579.1,Resistant,Resistant,Resistant,Sensitive,Sensitive,Sensitive,Sensitive,Sensitive,Sensitive
Expression.G27249.AU565.1,Resistant,Resistant,Resistant,Resistant,Sensitive,Sensitive,Sensitive,Sensitive,Sensitive
Expression.G27251.T98G.1,Resistant,Resistant,Resistant,Sensitive,Sensitive,Sensitive,Sensitive,Sensitive,Sensitive
Expression.G27252.OV.90.1,Sensitive,Sensitive,Sensitive,Sensitive,Sensitive,Sensitive,Sensitive,Sensitive,Sensitive
Expression.G27253.U.87_MG.1,Resistant,Resistant,Sensitive,Sensitive,Sensitive,Sensitive,Sensitive,Sensitive,Sensitive
Expression.G27254.U.2_OS.1,Resistant,Resistant,Sensitive,Sensitive,Sensitive,Sensitive,Sensitive,Sensitive,Sensitive
Expression.G27256.OVCAR.8.1,Resistant,Resistant,Resistant,Sensitive,Sensitive,Sensitive,Sensitive,Sensitive,Sensitive
Expression.G27257.TE.15.1,Resistant,Resistant,Resistant,Resistant,Resistant,Resistant,Resistant,Resistant,Sensitive
Expression.G27259.AN3_CA.1,Resistant,Resistant,Resistant,Resistant,Resistant,Sensitive,Sensitive,Sensitive,Sensitive
Expression.G27260.SHP.77.1,Resistant,Sensitive,Sensitive,Sensitive,Sensitive,Sensitive,Sensitive,Sensitive,Sensitive
Expression.G27261.PLC_PRF_5.1,Resistant,Resistant,Resistant,Resistant,Sensitive,Sensitive,Sensitive,Sensitive,Sensitive
Expression.G27262.OVCAR.4.1,Resistant,Resistant,Sensitive,Sensitive,Sensitive,Sensitive,Sensitive,Sensitive,Sensitive
Expression.G27264.RT.112.1,Resistant,Resistant,Resistant,Resistant,Resistant,Resistant,Sensitive,Sensitive,Resistant
Expression.G27265.SNG.M.1,Resistant,Resistant,Resistant,Sensitive,Sensitive,Sensitive,Sensitive,Sensitive,Sensitive
Expression.G27266.SW1417.1,Resistant,Sensitive,Sensitive,Sensitive,Sensitive,Sensitive,Sensitive,Sensitive,Sensitive
Expression.G27267.TOV.21G.1,Resistant,Resistant,Resistant,Resistant,Resistant,Sensitive,Sensitive,Sensitive,Sensitive
Expression.G27268.SK.HEP.1.1,Resistant,Resistant,Sensitive,Resistant,Resistant,Sensitive,Resistant,Sensitive,Sensitive
Expression.G27270.TE.11.1,Resistant,Resistant,Resistant,Sensitive,Sensitive,Sensitive,Sensitive,Sensitive,Sensitive
Expression.G27271.42.MG.BA.1,Resistant,Resistant,Sensitive,Sensitive,Sensitive,Sensitive,Sensitive,Sensitive,Sensitive
Expression.G27272.TYK.nu.1,Resistant,Resistant,Resistant,Resistant,Resistant,Sensitive,Sensitive,Sensitive,Sensitive
Expression.G27273.OCUM.1.1,Resistant,Resistant,Resistant,Sensitive,Sensitive,Sensitive,Sensitive,Sensitive,Sensitive
Expression.G27274.A.253.1,Resistant,Resistant,Resistant,Resistant,Sensitive,Sensitive,Sensitive,Sensitive,Sensitive
Expression.G27275.TE.9.1,Resistant,Resistant,Sensitive,Sensitive,Sensitive,Sensitive,Sensitive,Sensitive,Sensitive
Expression.G27277.OVSAHO.1,Resistant,Resistant,Resistant,Resistant,Resistant,Resistant,Resistant,Sensitive,Sensitive
Expression.G27278.ZR.75.30.1,Resistant,Sensitive,Sensitive,Sensitive,Sensitive,Sensitive,Sensitive,Sensitive,Sensitive
Expression.G27279.OVMANA.1,Resistant,Sensitive,Sensitive,Sensitive,Sensitive,Sensitive,Sensitive,Sensitive,Sensitive
Expression.G27281.RERF.LC.MS.1,Resistant,Resistant,Resistant,Sensitive,Sensitive,Sensitive,Sensitive,Sensitive,Sensitive
Expression.G27282.SK.LMS.1.1,Resistant,Resistant,Sensitive,Sensitive,Sensitive,Sensitive,Sensitive,Sensitive,Sensitive
Expression.G27283.TOV.112D.1,Resistant,Sensitive,Sensitive,Sensitive,Sensitive,Sensitive,Sensitive,Sensitive,Sensitive
Expression.G27285.OE33.1,Resistant,Sensitive,Sensitive,Sensitive,Sensitive,Sensitive,Sensitive,Sensitive,Sensitive
Expression.G27289.T24.1,Resistant,Resistant,Resistant,Resistant,Resistant,Resistant,Resistant,Sensitive,Sensitive
Expression.G27291.SK.CO.1.1,Resistant,Resistant,Resistant,Resistant,Resistant,Resistant,Resistant,Resistant,Sensitive
Expression.G27292.Panc_10.05.1,Resistant,Resistant,Resistant,Sensitive,Sensitive,Sensitive,Sensitive,Sensitive,Sensitive
Expression.G27293.PC.14.1,Resistant,Resistant,Resistant,Sensitive,Sensitive,Sensitive,Sensitive,Sensitive,Sensitive
Expression.G27294.SCC.25.1,Resistant,Resistant,Resistant,Resistant,Sensitive,Sensitive,Sensitive,Sensitive,Sensitive
Expression.G27298.EKVX.1,Resistant,Resistant,Sensitive,Sensitive,Sensitive,Sensitive,Sensitive,Sensitive,Sensitive
Expression.G27299.BICR_56.1,Sensitive,Sensitive,Sensitive,Sensitive,Sensitive,Sensitive,Sensitive,Sensitive,Sensitive
Expression.G27302.FTC.238.1,Resistant,Resistant,Sensitive,Sensitive,Sensitive,Sensitive,Sensitive,Sensitive,Sensitive
Expression.G27304.HCC.1438.1,Resistant,Resistant,Resistant,Sensitive,Sensitive,Sensitive,Sensitive,Sensitive,Sensitive
Expression.G27305.HCC.1588.1,Resistant,Resistant,Resistant,Sensitive,Sensitive,Sensitive,Sensitive,Sensitive,Sensitive
Expression.G27306.HCC.1833.1,Resistant,Resistant,Resistant,Sensitive,Sensitive,Sensitive,Sensitive,Sensitive,Sensitive
Expression.G27307.ES.2.1,Resistant,Resistant,Resistant,Sensitive,Sensitive,Sensitive,Sensitive,Sensitive,Sensitive
Expression.G27309.GAMG.1,Resistant,Resistant,Resistant,Resistant,Resistant,Sensitive,Resistant,Sensitive,Sensitive
Expression.G27310.HCC1428.1,Resistant,Resistant,Resistant,Sensitive,Sensitive,Sensitive,Sensitive,Sensitive,Sensitive
Expression.G27312.COLO.679.1,Resistant,Resistant,Resistant,Sensitive,Sensitive,Sensitive,Sensitive,Sensitive,Sensitive
Expression.G27314.GI.1.1,Resistant,Resistant,Resistant,Resistant,Resistant,Resistant,Sensitive,Sensitive,Sensitive
Expression.G27315.BICR_18.3,Resistant,Resistant,Resistant,Resistant,Resistant,Resistant,Resistant,Sensitive,Sensitive
Expression.G27316.ChaGo.K.1.1,Resistant,Resistant,Resistant,Resistant,Resistant,Sensitive,Sensitive,Sensitive,Sensitive
Expression.G27317.HCC1806.1,Resistant,Resistant,Sensitive,Sensitive,Sensitive,Sensitive,Sensitive,Sensitive,Sensitive
Expression.G27319.G.402.1,Resistant,Resistant,Resistant,Resistant,Resistant,Sensitive,Sensitive,Sensitive,Sensitive
Expression.G27320.B.CPAP.1,Resistant,Resistant,Resistant,Resistant,Sensitive,Sensitive,Sensitive,Sensitive,Sensitive
Expression.G27323.Calu.3.1,Resistant,Resistant,Resistant,Resistant,Resistant,Resistant,Sensitive,Sensitive,Sensitive
Expression.G27325.Capan.1.1,Resistant,Resistant,Resistant,Sensitive,Sensitive,Sensitive,Sensitive,Sensitive,Sensitive
Expression.G27327.EBC.1.1,Resistant,Resistant,Resistant,Resistant,Sensitive,Sensitive,Sensitive,Sensitive,Sensitive
Expression.G27329.GCT.1,Resistant,Resistant,Resistant,Sensitive,Sensitive,Sensitive,Sensitive,Sensitive,Sensitive
Expression.G27331.FTC.133.1,Resistant,Resistant,Sensitive,Sensitive,Sensitive,Sensitive,Sensitive,Sensitive,Sensitive
Expression.G27332.Capan.2.1,Resistant,Resistant,Resistant,Resistant,Resistant,Resistant,Sensitive,Sensitive,Sensitive
Expression.G27334.CAMA.1.1,Resistant,Resistant,Resistant,Sensitive,Sensitive,Sensitive,Sensitive,Sensitive,Sensitive
Expression.G27336.Caki.2.1,Resistant,Resistant,Resistant,Resistant,Sensitive,Sensitive,Sensitive,Sensitive,Sensitive
Expression.G27337.H4.1,Resistant,Resistant,Resistant,Resistant,Resistant,Resistant,Resistant,Resistant,Sensitive
Expression.G27338.CAL.12T.1,Resistant,Sensitive,Sensitive,Sensitive,Sensitive,Sensitive,Sensitive,Sensitive,Sensitive
Expression.G27340.HCC.1171.1,Resistant,Resistant,Sensitive,Sensitive,Sensitive,Sensitive,Sensitive,Sensitive,Sensitive
Expression.G27341.COLO_829.1,Resistant,Resistant,Resistant,Resistant,Resistant,Resistant,Resistant,Resistant,Resistant
Expression.G27342.CW.2.1,Resistant,Resistant,Resistant,Sensitive,Sensitive,Sensitive,Sensitive,Sensitive,Sensitive
Expression.G27343.BICR_22.1,Resistant,Resistant,Resistant,Sensitive,Sensitive,Sensitive,Sensitive,Sensitive,Sensitive
Expression.G27345.BICR_16.1,Resistant,Resistant,Resistant,Sensitive,Sensitive,Sensitive,Sensitive,Sensitive,Sensitive
Expression.G27346.G.292._clone_A141B1.1,Resistant,Resistant,Resistant,Resistant,Resistant,Resistant,Sensitive,Sensitive,Sensitive
Expression.G27348.CCF.STTG1.1,Resistant,Resistant,Resistant,Resistant,Resistant,Sensitive,Sensitive,Sensitive,Sensitive
Expression.G27349.CJM.1,Resistant,Resistant,Resistant,Resistant,Resistant,Sensitive,Sensitive,Sensitive,Sensitive
Expression.G27351.EC.GI.10.1,Resistant,Resistant,Resistant,Resistant,Sensitive,Sensitive,Sensitive,Sensitive,Sensitive
Expression.G27354.D283_Med.1,Resistant,Resistant,Sensitive,Sensitive,Sensitive,Sensitive,Sensitive,Sensitive,Sensitive
Expression.G27355.EFM.192A.1,Resistant,Resistant,Resistant,Resistant,Sensitive,Sensitive,Sensitive,Sensitive,Sensitive
Expression.G27356.COLO.800.1,Resistant,Resistant,Resistant,Resistant,Sensitive,Sensitive,Sensitive,Sensitive,Sensitive
Expression.G27357.GOS.3.1,Resistant,Resistant,Resistant,Resistant,Sensitive,Sensitive,Sensitive,Sensitive,Sensitive
Expression.G27363.CL.11.1,Resistant,Resistant,Resistant,Resistant,Sensitive,Sensitive,Sensitive,Sensitive,Sensitive
Expression.G27364.CL.34.1,Resistant,Sensitive,Sensitive,Sensitive,Sensitive,Sensitive,Sensitive,Sensitive,Sensitive
Expression.G27365.CAL.148.1,Resistant,Resistant,Resistant,Resistant,Sensitive,Sensitive,Sensitive,Sensitive,Sensitive
Expression.G27366.BHT.101.1,Resistant,Resistant,Resistant,Sensitive,Sensitive,Sensitive,Sensitive,Sensitive,Sensitive
Expression.G27368.COLO.320.1,Resistant,Resistant,Resistant,Resistant,Sensitive,Sensitive,Sensitive,Sensitive,Sensitive
Expression.G27369.Detroit_562.1,Resistant,Resistant,Resistant,Resistant,Sensitive,Sensitive,Sensitive,Sensitive,Sensitive
Expression.G27370.HCC1569.1,Resistant,Resistant,Resistant,Resistant,Resistant,Sensitive,Sensitive,Sensitive,Sensitive
Expression.G27373.COR.L105.1,Resistant,Resistant,Resistant,Resistant,Resistant,Sensitive,Sensitive,Sensitive,Sensitive
Expression.G27379.CAL.54.1,Resistant,Resistant,Sensitive,Sensitive,Sensitive,Sensitive,Sensitive,Sensitive,Sensitive
Expression.G27385.COLO.678.1,Resistant,Resistant,Sensitive,Sensitive,Sensitive,Sensitive,Sensitive,Sensitive,Sensitive
Expression.G27386.BICR_31.1,Resistant,Resistant,Resistant,Resistant,Resistant,Resistant,Sensitive,Sensitive,Sensitive
Expression.G27387.BICR_6.1,Resistant,Resistant,Resistant,Resistant,Resistant,Sensitive,Sensitive,Sensitive,Sensitive
Expression.G27391.HCC.1195.1,Resistant,Resistant,Sensitive,Sensitive,Sensitive,Sensitive,Sensitive,Sensitive,Sensitive
Expression.G27392.ECC12.1,Resistant,Resistant,Resistant,Resistant,Resistant,Resistant,Sensitive,Sensitive,Sensitive
Expression.G27452.SK.LU.1.2,Resistant,Sensitive,Sensitive,Sensitive,Sensitive,Sensitive,Sensitive,Sensitive,Sensitive
Expression.G27453.SNU.398.2,Resistant,Resistant,Resistant,Resistant,Sensitive,Sensitive,Sensitive,Sensitive,Sensitive
Expression.G27454.PE_CA.PJ15.2,Resistant,Resistant,Sensitive,Sensitive,Sensitive,Sensitive,Sensitive,Sensitive,Sensitive
Expression.G27455.RL95.2.2,Resistant,Resistant,Sensitive,Sensitive,Sensitive,Sensitive,Sensitive,Sensitive,Sensitive
Expression.G27456.SNU.478.2,Resistant,Sensitive,Sensitive,Sensitive,Sensitive,Sensitive,Sensitive,Sensitive,Sensitive
Expression.G27457.SK.N.AS.2,Resistant,Resistant,Resistant,Resistant,Sensitive,Resistant,Resistant,Sensitive,Sensitive
Expression.G27464.SNU.1077.2,Resistant,Sensitive,Sensitive,Sensitive,Sensitive,Sensitive,Sensitive,Sensitive,Sensitive
Expression.G27465.SNU.1196.2,Resistant,Resistant,Resistant,Resistant,Resistant,Sensitive,Sensitive,Sensitive,Sensitive
Expression.G27466.SNU.601.2,Resistant,Resistant,Resistant,Resistant,Resistant,Sensitive,Sensitive,Sensitive,Sensitive
Expression.G27467.SK.ES.1.2,Resistant,Resistant,Resistant,Sensitive,Sensitive,Sensitive,Sensitive,Sensitive,Sensitive
Expression.G27468.SNU.503.2,Resistant,Resistant,Resistant,Resistant,Resistant,Sensitive,Sensitive,Sensitive,Sensitive
Expression.G27469.SNU.61.2,Resistant,Resistant,Resistant,Sensitive,Sensitive,Sensitive,Sensitive,Sensitive,Sensitive
Expression.G27472.SNU.245.2,Resistant,Resistant,Resistant,Sensitive,Sensitive,Sensitive,Sensitive,Sensitive,Sensitive
Expression.G27473.RCC10RGB.2,Resistant,Resistant,Resistant,Sensitive,Sensitive,Sensitive,Sensitive,Sensitive,Sensitive
Expression.G27475.SNU.761.2,Resistant,Sensitive,Sensitive,Sensitive,Sensitive,Sensitive,Sensitive,Sensitive,Sensitive
Expression.G27476.PK.59.2,Resistant,Resistant,Sensitive,Sensitive,Sensitive,Sensitive,Sensitive,Sensitive,Sensitive
Expression.G27477.RH.41.2,Resistant,Resistant,Resistant,Resistant,Resistant,Resistant,Sensitive,Sensitive,Sensitive
Expression.G27478.PK.45H.2,Resistant,Resistant,Resistant,Sensitive,Sensitive,Sensitive,Sensitive,Sensitive,Sensitive
Expression.G27479.SK.MEL.3.2,Resistant,Resistant,Sensitive,Sensitive,Sensitive,Sensitive,Sensitive,Sensitive,Sensitive
Expression.G27481.SNU.308.2,Resistant,Resistant,Resistant,Resistant,Resistant,Resistant,Sensitive,Sensitive,Sensitive
Expression.G27486.SK.MEL.24.2,Resistant,Resistant,Resistant,Resistant,Resistant,Sensitive,Sensitive,Sensitive,Sensitive
Expression.G27487.SK.UT.1.2,Resistant,Resistant,Resistant,Resistant,Resistant,Resistant,Sensitive,Sensitive,Sensitive
Expression.G27489.PE_CA.PJ34__clone_C12_.2,Resistant,Resistant,Resistant,Sensitive,Sensitive,Sensitive,Sensitive,Sensitive,Sensitive
Expression.G27490.SNU.685.2,Resistant,Resistant,Resistant,Sensitive,Sensitive,Sensitive,Sensitive,Sensitive,Sensitive
Expression.G27492.SNU.719.2,Resistant,Resistant,Sensitive,Sensitive,Sensitive,Sensitive,Sensitive,Sensitive,Sensitive
Expression.G27493.SK.BR.3.2,Resistant,Resistant,Resistant,Resistant,Sensitive,Sensitive,Sensitive,Sensitive,Sensitive
Expression.G27496.SNU.216.2,Resistant,Resistant,Resistant,Sensitive,Sensitive,Sensitive,Sensitive,Sensitive,Sensitive
Expression.G27501.SK.N.BE_2_.2,Resistant,Resistant,Resistant,Resistant,Resistant,Resistant,Sensitive,Sensitive,Sensitive
Expression.G27502.SNU.668.2,Resistant,Resistant,Sensitive,Sensitive,Sensitive,Sensitive,Sensitive,Sensitive,Sensitive
Expression.G27503.RCM.1.2,Resistant,Resistant,Resistant,Resistant,Sensitive,Sensitive,Sensitive,Sensitive,Sensitive
Expression.G27504.SNU.466.2,Sensitive,Sensitive,Sensitive,Sensitive,Sensitive,Sensitive,Sensitive,Sensitive,Sensitive
Expression.G27505.RH.30.2,Resistant,Resistant,Sensitive,Sensitive,Sensitive,Sensitive,Sensitive,Sensitive,Sensitive
Expression.G27509.RERF.LC.Ad1.2,Resistant,Resistant,Sensitive,Sensitive,Sensitive,Sensitive,Sensitive,Sensitive,Sensitive
Expression.G27511.PE_CA.PJ49.2,Resistant,Resistant,Resistant,Sensitive,Sensitive,Sensitive,Sensitive,Sensitive,Sensitive
Expression.G27512.SNU.1214.2,Resistant,Resistant,Resistant,Sensitive,Sensitive,Sensitive,Sensitive,Sensitive,Sensitive
Expression.G27513.SNU.449.2,Resistant,Resistant,Resistant,Sensitive,Sensitive,Sensitive,Sensitive,Sensitive,Sensitive
Expression.G27514.Saos.2.2,Resistant,Resistant,Resistant,Resistant,Resistant,Resistant,Resistant,Sensitive,Sensitive
Expression.G27515.PE_CA.PJ41__clone_D2_.2,Resistant,Resistant,Resistant,Sensitive,Sensitive,Sensitive,Sensitive,Sensitive,Sensitive
Expression.G27516.SK.MEL.28.2,Resistant,Resistant,Resistant,Sensitive,Sensitive,Sensitive,Sensitive,Sensitive,Sensitive
Expression.G27518.SK.N.FI.2,Resistant,Resistant,Resistant,Sensitive,Sensitive,Sensitive,Sensitive,Sensitive,Sensitive
Expression.G27520.SCC.9.2,Resistant,Resistant,Resistant,Resistant,Resistant,Sensitive,Sensitive,Sensitive,Sensitive
Expression.G27523.SK.N.MC.2,Resistant,Resistant,Resistant,Resistant,Sensitive,Sensitive,Sensitive,Sensitive,Sensitive
Expression.G27525.SNU.1272.2,Resistant,Resistant,Sensitive,Sensitive,Sensitive,Sensitive,Sensitive,Sensitive,Sensitive
Expression.G27526.SNU.182.2,Resistant,Resistant,Resistant,Sensitive,Sensitive,Sensitive,Sensitive,Sensitive,Sensitive
Expression.G27527.RERF.LC.AI.2,Resistant,Sensitive,Sensitive,Sensitive,Sensitive,Sensitive,Sensitive,Sensitive,Sensitive
Expression.G27531.SNU.1033.2,Resistant,Resistant,Sensitive,Sensitive,Sensitive,Sensitive,Sensitive,Sensitive,Sensitive
Expression.G27532.SNU.1041.2,Sensitive,Sensitive,Sensitive,Sensitive,Sensitive,Sensitive,Sensitive,Sensitive,Sensitive
Expression.G27533.SNU.1066.2,Resistant,Resistant,Sensitive,Sensitive,Sensitive,Sensitive,Sensitive,Sensitive,Sensitive
Expression.G27535.RD.2,Sensitive,Sensitive,Sensitive,Sensitive,Sensitive,Sensitive,Sensitive,Sensitive,Sensitive
Expression.G27537.SCaBER.2,Resistant,Resistant,Resistant,Resistant,Sensitive,Sensitive,Sensitive,Sensitive,Sensitive
Expression.G27538.RH.18.2,Resistant,Resistant,Resistant,Resistant,Sensitive,Sensitive,Sensitive,Sensitive,Sensitive
Expression.G27541.RERF.LC.Ad2.2,Sensitive,Sensitive,Sensitive,Sensitive,Sensitive,Sensitive,Sensitive,Sensitive,Sensitive
Expression.G27542.SF539.2,Resistant,Resistant,Resistant,Sensitive,Sensitive,Sensitive,Sensitive,Sensitive,Sensitive
Expression.G27543.SNB75.2,Resistant,Resistant,Resistant,Resistant,Sensitive,Sensitive,Sensitive,Sensitive,Sensitive
Expression.G27544.SF268.2,Resistant,Resistant,Resistant,Sensitive,Sensitive,Sensitive,Sensitive,Sensitive,Sensitive
Expression.G27545.SNU.119.2,Resistant,Resistant,Resistant,Resistant,Resistant,Resistant,Sensitive,Sensitive,Sensitive
Expression.G28001.M059K.1,Resistant,Resistant,Sensitive,Sensitive,Sensitive,Sensitive,Sensitive,Sensitive,Sensitive
Expression.G28003.MFE.319.1,Resistant,Resistant,Resistant,Resistant,Resistant,Resistant,Sensitive,Sensitive,Sensitive
Expression.G28011.KLE.1,Resistant,Resistant,Resistant,Sensitive,Sensitive,Sensitive,Sensitive,Sensitive,Sensitive
Expression.G28012.KMRC.2.1,Resistant,Resistant,Sensitive,Sensitive,Sensitive,Sensitive,Sensitive,Sensitive,Sensitive
Expression.G28016.MES.SA.1,Resistant,Resistant,Resistant,Resistant,Resistant,Resistant,Resistant,Resistant,Resistant
Expression.G28018.MDA.MB.157.1,Resistant,Resistant,Resistant,Sensitive,Sensitive,Sensitive,Sensitive,Sensitive,Sensitive
Expression.G28019.KYM.1.1,Resistant,Resistant,Resistant,Sensitive,Sensitive,Sensitive,Sensitive,Sensitive,Sensitive
Expression.G28021.LU99.1,Resistant,Resistant,Resistant,Sensitive,Sensitive,Sensitive,Sensitive,Sensitive,Sensitive
Expression.G28023.KMRC.1.1,Resistant,Resistant,Resistant,Resistant,Sensitive,Sensitive,Sensitive,Sensitive,Sensitive
Expression.G28025.K029AX.1,Resistant,Resistant,Resistant,Resistant,Resistant,Resistant,Sensitive,Sensitive,Sensitive
Expression.G28026.KP.N.SI9s.1,Resistant,Resistant,Resistant,Sensitive,Sensitive,Sensitive,Sensitive,Sensitive,Sensitive
Expression.G28027.KU.19.19.1,Resistant,Resistant,Resistant,Resistant,Sensitive,Sensitive,Sensitive,Sensitive,Sensitive
Expression.G28029.MDA.MB.231.1,Resistant,Resistant,Resistant,Sensitive,Sensitive,Sensitive,Sensitive,Sensitive,Sensitive
Expression.G28034.MDA.MB.361.1,Resistant,Resistant,Sensitive,Sensitive,Sensitive,Sensitive,Sensitive,Sensitive,Sensitive
Expression.G28038.JL.1.1,Resistant,Resistant,Resistant,Resistant,Sensitive,Sensitive,Sensitive,Sensitive,Sensitive
Expression.G28041.LCLC.97TM1.1,Resistant,Resistant,Resistant,Sensitive,Sensitive,Sensitive,Sensitive,Sensitive,Sensitive
Expression.G28042.KMRC.3.1,Resistant,Resistant,Resistant,Resistant,Resistant,Sensitive,Sensitive,Sensitive,Sensitive
Expression.G28044.LMSU.1,Resistant,Resistant,Resistant,Resistant,Sensitive,Sensitive,Sensitive,Sensitive,Sensitive
Expression.G28051.KYSE.140.1,Resistant,Resistant,Resistant,Resistant,Resistant,Resistant,Sensitive,Sensitive,Sensitive
Expression.G28053.Li.7.1,Sensitive,Sensitive,Resistant,Sensitive,Sensitive,Sensitive,Sensitive,Sensitive,Sensitive
Expression.G28054.KYSE.520.1,Resistant,Resistant,Resistant,Sensitive,Sensitive,Sensitive,Sensitive,Sensitive,Sensitive
Expression.G28057.JHUEM.3.1,Resistant,Resistant,Resistant,Sensitive,Sensitive,Sensitive,Sensitive,Sensitive,Sensitive
Expression.G28059.KMBC.2.1,Sensitive,Resistant,Resistant,Sensitive,Sensitive,Sensitive,Sensitive,Sensitive,Sensitive
Expression.G28061.LCLC.103H.1,Resistant,Resistant,Sensitive,Sensitive,Sensitive,Sensitive,Sensitive,Sensitive,Sensitive
Expression.G28062.MEL.HO.1,Resistant,Resistant,Resistant,Resistant,Resistant,Sensitive,Sensitive,Sensitive,Sensitive
Expression.G28066.LS1034.1,Resistant,Resistant,Resistant,Resistant,Sensitive,Sensitive,Sensitive,Sensitive,Sensitive
Expression.G28067.KYSE.70.1,Resistant,Resistant,Resistant,Resistant,Resistant,Resistant,Sensitive,Sensitive,Sensitive
Expression.G28069.MDA.MB.415.1,Resistant,Resistant,Resistant,Sensitive,Sensitive,Sensitive,Sensitive,Sensitive,Sensitive
Expression.G28070.LN.18.1,Resistant,Resistant,Resistant,Resistant,Resistant,Resistant,Sensitive,Sensitive,Sensitive
Expression.G28071.MeWo.1,Resistant,Resistant,Resistant,Resistant,Sensitive,Sensitive,Sensitive,Sensitive,Sensitive
Expression.G28073.JMSU.1.1,Resistant,Resistant,Resistant,Sensitive,Sensitive,Sensitive,Sensitive,Sensitive,Sensitive
Expression.G28074.KNS.42.1,Resistant,Resistant,Resistant,Resistant,Sensitive,Sensitive,Sensitive,Sensitive,Sensitive
Expression.G28076.MCAS.1,Resistant,Resistant,Resistant,Sensitive,Sensitive,Sensitive,Sensitive,Sensitive,Sensitive
Expression.G28077.MG.63.1,Resistant,Resistant,Sensitive,Sensitive,Sensitive,Sensitive,Sensitive,Sensitive,Sensitive
Expression.G28078.JHUEM.2.1,Resistant,Resistant,Resistant,Sensitive,Resistant,Sensitive,Sensitive,Sensitive,Sensitive
Expression.G28079.LUDLU.1.1,Resistant,Resistant,Resistant,Resistant,Sensitive,Sensitive,Sensitive,Sensitive,Sensitive
Expression.G28084.MDA.MB.435S.1,Resistant,Sensitive,Sensitive,Sensitive,Sensitive,Sensitive,Sensitive,Sensitive,Sensitive
Expression.G28085.JHH.5.1,Resistant,Resistant,Resistant,Sensitive,Sensitive,Sensitive,Sensitive,Sensitive,Sensitive
Expression.G28088.LOU.NH91.1,Resistant,Resistant,Resistant,Resistant,Sensitive,Resistant,Sensitive,Sensitive,Sensitive
Expression.G28089.LS123.1,Resistant,Resistant,Resistant,Resistant,Resistant,Sensitive,Sensitive,Sensitive,Sensitive
Expression.G28092.KP.3.1,Resistant,Resistant,Resistant,Resistant,Resistant,Resistant,Sensitive,Sensitive,Sensitive
Expression.G28534.NCI.H810.1,Resistant,Resistant,Sensitive,Sensitive,Sensitive,Sensitive,Sensitive,Sensitive,Sensitive
Expression.G28535.OVTOKO.1,Sensitive,Sensitive,Sensitive,Sensitive,Sensitive,Sensitive,Sensitive,Sensitive,Sensitive
Expression.G28537.NCI.H1395.1,Resistant,Resistant,Resistant,Sensitive,Sensitive,Sensitive,Sensitive,Sensitive,Sensitive
Expression.G28538.NCI.H1781.1,Resistant,Resistant,Sensitive,Sensitive,Sensitive,Sensitive,Sensitive,Sensitive,Sensitive
Expression.G28539.NCI.H1755.1,Resistant,Sensitive,Sensitive,Sensitive,Sensitive,Sensitive,Sensitive,Sensitive,Sensitive
Expression.G28541.ML.1.1,Resistant,Resistant,Sensitive,Sensitive,Sensitive,Sensitive,Sensitive,Sensitive,Sensitive
Expression.G28547.NCI.H292.1,Resistant,Resistant,Resistant,Resistant,Resistant,Sensitive,Sensitive,Sensitive,Sensitive
Expression.G28549.NCI.H1623.1,Resistant,Resistant,Resistant,Resistant,Sensitive,Sensitive,Sensitive,Sensitive,Sensitive
Expression.G28552.MHH.NB.11.1,Resistant,Resistant,Resistant,Sensitive,Sensitive,Sensitive,Sensitive,Sensitive,Sensitive
Expression.G28553.NCI.H1838.1,Resistant,Sensitive,Sensitive,Sensitive,Sensitive,Sensitive,Sensitive,Sensitive,Sensitive
Expression.G28556.Panc_02.03.1,Resistant,Resistant,Resistant,Sensitive,Resistant,Sensitive,Sensitive,Sensitive,Sensitive
Expression.G28558.NCI.H2087.1,Sensitive,Sensitive,Sensitive,Sensitive,Sensitive,Sensitive,Sensitive,Sensitive,Sensitive
Expression.G28562.NCI.H727.1,Resistant,Resistant,Resistant,Resistant,Resistant,Sensitive,Sensitive,Sensitive,Sensitive
Expression.G28563.Panc_05.04.1,Resistant,Resistant,Resistant,Resistant,Sensitive,Sensitive,Sensitive,Sensitive,Sensitive
Expression.G28573.OV56.1,Resistant,Resistant,Resistant,Sensitive,Sensitive,Sensitive,Sensitive,Sensitive,Sensitive
Expression.G28582.NCI.H1573.1,Resistant,Resistant,Resistant,Resistant,Sensitive,Sensitive,Sensitive,Sensitive,Sensitive
Expression.G28583.NCI.H358.1,Resistant,Sensitive,Sensitive,Sensitive,Sensitive,Sensitive,Sensitive,Sensitive,Sensitive
Expression.G28584.NCI.H1793.1,Resistant,Resistant,Resistant,Sensitive,Sensitive,Sensitive,Sensitive,Sensitive,Sensitive
Expression.G28586.MPP_89.1,Sensitive,Sensitive,Sensitive,Sensitive,Sensitive,Sensitive,Sensitive,Sensitive,Sensitive
Expression.G28587.OVK18.1,Resistant,Resistant,Sensitive,Sensitive,Sensitive,Sensitive,Sensitive,Sensitive,Sensitive
Expression.G28588.NCI.H1915.1,Resistant,Resistant,Resistant,Sensitive,Sensitive,Sensitive,Sensitive,Sensitive,Sensitive
Expression.G28589.Panc_04.03.1,Resistant,Resistant,Resistant,Sensitive,Resistant,Sensitive,Sensitive,Sensitive,Sensitive
Expression.G28590.NCI.H1563.1,Resistant,Resistant,Resistant,Resistant,Resistant,Sensitive,Sensitive,Sensitive,Sensitive
Expression.G28591.NCI.H1703.1,Resistant,Resistant,Resistant,Resistant,Resistant,Resistant,Resistant,Resistant,Sensitive
Expression.G28593.NCI.H322.1,Resistant,Resistant,Sensitive,Sensitive,Sensitive,Sensitive,Sensitive,Sensitive,Sensitive
Expression.G28594.NCI.H2291.1,Resistant,Resistant,Resistant,Resistant,Sensitive,Resistant,Sensitive,Sensitive,Sensitive
Expression.G28597.NCI.H1869.1,Sensitive,Sensitive,Sensitive,Sensitive,Sensitive,Sensitive,Sensitive,Sensitive,Sensitive
Expression.G28598.NCI.H1944.1,Sensitive,Resistant,Resistant,Sensitive,Sensitive,Sensitive,Sensitive,Sensitive,Sensitive
Expression.G28605.NCI.H1355.1,Sensitive,Sensitive,Sensitive,Sensitive,Sensitive,Sensitive,Sensitive,Sensitive,Sensitive
Expression.G28607.PA.TU.8988S.1,Resistant,Resistant,Sensitive,Sensitive,Sensitive,Sensitive,Sensitive,Sensitive,Sensitive
Expression.G28608.NCI.H2110.1,Resistant,Resistant,Resistant,Sensitive,Sensitive,Sensitive,Sensitive,Sensitive,Sensitive
Expression.G28610.MHH.ES.1.1,Resistant,Resistant,Resistant,Resistant,Sensitive,Sensitive,Sensitive,Sensitive,Sensitive
Expression.G28611.NCI.H2030.1,Resistant,Resistant,Resistant,Sensitive,Sensitive,Sensitive,Sensitive,Sensitive,Sensitive
Expression.G28612.NCI.H2405.1,Resistant,Resistant,Resistant,Resistant,Resistant,Resistant,Sensitive,Sensitive,Sensitive
Expression.G28614.ONCO.DG.1.1,Resistant,Sensitive,Sensitive,Sensitive,Sensitive,Sensitive,Sensitive,Sensitive,Sensitive
Expression.G28615.OS.RC.2.1,Resistant,Resistant,Resistant,Resistant,Resistant,Sensitive,Sensitive,Sensitive,Sensitive
Expression.G28616.NCI.H2228.1,Resistant,Resistant,Resistant,Resistant,Resistant,Resistant,Resistant,Resistant,Resistant
Expression.G28617.NCI.H520.1,Resistant,Resistant,Resistant,Sensitive,Sensitive,Sensitive,Sensitive,Sensitive,Sensitive
Expression.G28618.OE19.1,Resistant,Sensitive,Sensitive,Sensitive,Sensitive,Sensitive,Sensitive,Sensitive,Sensitive
Expression.G28622.OE21.1,Resistant,Resistant,Resistant,Resistant,Sensitive,Sensitive,Sensitive,Sensitive,Sensitive
Expression.G28811.Hs_839.T.3,Resistant,Resistant,Resistant,Resistant,Sensitive,Sensitive,Sensitive,Sensitive,Sensitive
Expression.G28815.Hs_934.T.3,Resistant,Resistant,Resistant,Sensitive,Sensitive,Sensitive,Sensitive,Sensitive,Sensitive
Expression.G28817.HCC.2279.3,Resistant,Resistant,Resistant,Resistant,Resistant,Resistant,Sensitive,Sensitive,Sensitive
Expression.G28823.HEC.6.3,Resistant,Resistant,Resistant,Sensitive,Sensitive,Sensitive,Sensitive,Sensitive,Sensitive
Expression.G28824.HEC.265.3,Resistant,Resistant,Resistant,Sensitive,Sensitive,Sensitive,Sensitive,Sensitive,Sensitive
Expression.G28825.HT.144.3,Resistant,Sensitive,Sensitive,Sensitive,Sensitive,Sensitive,Sensitive,Sensitive,Sensitive
Expression.G28826.HEC.151.3,Resistant,Resistant,Resistant,Resistant,Resistant,Resistant,Sensitive,Sensitive,Sensitive
Expression.G28829.Hs_729.3,Resistant,Resistant,Resistant,Sensitive,Sensitive,Sensitive,Sensitive,Sensitive,Sensitive
Expression.G28831.J82.3,Resistant,Resistant,Sensitive,Sensitive,Sensitive,Sensitive,Sensitive,Sensitive,Sensitive
Expression.G28832.HEC.108.3,Resistant,Resistant,Resistant,Resistant,Sensitive,Sensitive,Sensitive,Sensitive,Sensitive
Expression.G28833.HMC.1.8.3,Resistant,Resistant,Resistant,Resistant,Sensitive,Sensitive,Sensitive,Sensitive,Sensitive
Expression.G28840.HCC.366.3,Resistant,Resistant,Resistant,Sensitive,Sensitive,Sensitive,Sensitive,Sensitive,Sensitive
Expression.G28846.JHH.1.3,Resistant,Resistant,Sensitive,Sensitive,Sensitive,Sensitive,Sensitive,Sensitive,Sensitive
Expression.G28848.HOP.92.3,Resistant,Resistant,Sensitive,Sensitive,Sensitive,Sensitive,Sensitive,Sensitive,Sensitive
Expression.G28849.HOP.62.3,Resistant,Resistant,Resistant,Sensitive,Sensitive,Sensitive,Sensitive,Sensitive,Sensitive
Expression.G28850.HUP.T3.3,Resistant,Resistant,Sensitive,Resistant,Sensitive,Sensitive,Sensitive,Sensitive,Sensitive
Expression.G28853.HSC.4.3,Resistant,Resistant,Resistant,Sensitive,Sensitive,Sensitive,Sensitive,Sensitive,Sensitive
Expression.G28859.Hs_294T.3,Resistant,Resistant,Resistant,Sensitive,Sensitive,Sensitive,Sensitive,Sensitive,Sensitive
Expression.G28861.IGR.1.3,Resistant,Resistant,Resistant,Sensitive,Resistant,Sensitive,Sensitive,Sensitive,Sensitive
Expression.G28862.HMCB.3,Resistant,Resistant,Resistant,Resistant,Resistant,Sensitive,Sensitive,Sensitive,Sensitive
Expression.G28864.HCC.95.3,Resistant,Resistant,Resistant,Resistant,Resistant,Resistant,Resistant,Sensitive,Sensitive
Expression.G28865.HCC4006.3,Resistant,Resistant,Resistant,Resistant,Sensitive,Sensitive,Sensitive,Sensitive,Sensitive
Expression.G28866.HCC.78.3,Resistant,Resistant,Resistant,Resistant,Resistant,Resistant,Resistant,Resistant,Resistant
Expression.G28868.HOS.3,Resistant,Resistant,Resistant,Sensitive,Resistant,Resistant,Sensitive,Sensitive,Sensitive
Expression.G28869.HCC38.3,Resistant,Resistant,Resistant,Sensitive,Sensitive,Sensitive,Sensitive,Sensitive,Sensitive
Expression.G28870.HCC2935.3,Resistant,Resistant,Resistant,Sensitive,Sensitive,Sensitive,Sensitive,Sensitive,Sensitive
Expression.G28871.HEC.59.3,Resistant,Resistant,Resistant,Resistant,Sensitive,Sensitive,Sensitive,Sensitive,Sensitive
Expression.G28872.JHH.2.3,Resistant,Resistant,Resistant,Resistant,Sensitive,Sensitive,Sensitive,Sensitive,Sensitive
Expression.G28875.Ishikawa__Heraklio__02_ER..3,Resistant,Resistant,Sensitive,Sensitive,Sensitive,Sensitive,Sensitive,Sensitive,Sensitive
Expression.G28878.HEC.251.3,Resistant,Resistant,Resistant,Resistant,Resistant,Resistant,Resistant,Resistant,Sensitive
Expression.G28880.JHH.4.3,Resistant,Resistant,Resistant,Sensitive,Sensitive,Sensitive,Sensitive,Sensitive,Sensitive
Expression.G28881.HT.1376.3,Resistant,Resistant,Sensitive,Sensitive,Sensitive,Sensitive,Sensitive,Sensitive,Sensitive
Expression.G28882.HEC.50B.3,Resistant,Resistant,Resistant,Sensitive,Sensitive,Sensitive,Sensitive,Sensitive,Sensitive
Expression.G28883.Hs_895.T.3,Resistant,Resistant,Resistant,Resistant,Resistant,Resistant,Sensitive,Sensitive,Sensitive
Expression.G28886.huH.1.3,Resistant,Resistant,Resistant,Sensitive,Sensitive,Sensitive,Sensitive,Sensitive,Sensitive
Expression.G28887.HCC.2108.3,Resistant,Resistant,Resistant,Sensitive,Sensitive,Sensitive,Sensitive,Sensitive,Sensitive
Expression.G28888.Hep_3B2.1.7.3,Resistant,Sensitive,Sensitive,Sensitive,Sensitive,Sensitive,Sensitive,Sensitive,Sensitive
Expression.G28890.Hs_819.T.3,Resistant,Sensitive,Sensitive,Sensitive,Sensitive,Sensitive,Sensitive,Sensitive,Sensitive
Expression.G28894.HCC.56.3,Resistant,Resistant,Resistant,Resistant,Resistant,Resistant,Sensitive,Sensitive,Sensitive
Expression.G28896.HSC.2.3,Resistant,Resistant,Resistant,Resistant,Resistant,Resistant,Resistant,Sensitive,Sensitive
Expression.G28898.HCC202.3,Resistant,Resistant,Resistant,Resistant,Resistant,Resistant,Sensitive,Sensitive,Sensitive
Expression.G28900.IMR.32.3,Resistant,Resistant,Resistant,Sensitive,Sensitive,Sensitive,Sensitive,Sensitive,Sensitive
Expression.G30559.COV644.1,Resistant,Resistant,Sensitive,Sensitive,Sensitive,Sensitive,Sensitive,Sensitive,Sensitive
Expression.G30562.SNU.C5.1,Resistant,Resistant,Resistant,Resistant,Sensitive,Resistant,Resistant,Resistant,Resistant
Expression.G30563.TE.8.1,Sensitive,Sensitive,Sensitive,Sensitive,Sensitive,Sensitive,Sensitive,Sensitive,Sensitive
Expression.G30564.SW_1088.1,Resistant,Resistant,Resistant,Sensitive,Sensitive,Sensitive,Sensitive,Sensitive,Sensitive
Expression.G30565.SNU.869.1,Resistant,Resistant,Sensitive,Sensitive,Sensitive,Sensitive,Sensitive,Sensitive,Sensitive
Expression.G30570.TM.31.1,Resistant,Resistant,Resistant,Sensitive,Sensitive,Sensitive,Sensitive,Sensitive,Sensitive
Expression.G30574.SNU.899.1,Resistant,Resistant,Resistant,Sensitive,Sensitive,Sensitive,Sensitive,Sensitive,Sensitive
Expression.G30575.TUHR10TKB.1,Resistant,Resistant,Resistant,Resistant,Sensitive,Sensitive,Sensitive,Sensitive,Sensitive
Expression.G30576.VMRC.RCZ.1,Resistant,Resistant,Resistant,Sensitive,Sensitive,Sensitive,Sensitive,Sensitive,Sensitive
Expression.G30578.EPLC.272H.1,Resistant,Resistant,Resistant,Resistant,Resistant,Sensitive,Sensitive,Sensitive,Sensitive
Expression.G30580.T3M.10.1,Resistant,Resistant,Resistant,Sensitive,Resistant,Sensitive,Sensitive,Sensitive,Sensitive
Expression.G30581.SW1463.1,Resistant,Resistant,Resistant,Sensitive,Sensitive,Sensitive,Sensitive,Sensitive,Sensitive
Expression.G30582.YD.10B.1,Resistant,Resistant,Sensitive,Sensitive,Sensitive,Sensitive,Sensitive,Sensitive,Sensitive
Expression.G30583.TE_125.T.1,Resistant,Resistant,Resistant,Resistant,Resistant,Sensitive,Sensitive,Sensitive,Sensitive
Expression.G30584.UM.UC.3.1,Resistant,Resistant,Resistant,Resistant,Sensitive,Sensitive,Sensitive,Sensitive,Sensitive
Expression.G30585.WM.88.1,Resistant,Resistant,Resistant,Resistant,Resistant,Sensitive,Sensitive,Sensitive,Sensitive
Expression.G30586.SNU.C4.1,Resistant,Resistant,Sensitive,Sensitive,Sensitive,Sensitive,Sensitive,Sensitive,Sensitive
Expression.G30587.TE.6.1,Resistant,Resistant,Sensitive,Sensitive,Sensitive,Sensitive,Sensitive,Sensitive,Sensitive
Expression.G30589.DM.3.1,Sensitive,Sensitive,Sensitive,Sensitive,Sensitive,Sensitive,Sensitive,Sensitive,Sensitive
Expression.G30590.BT.549.1,Resistant,Resistant,Resistant,Resistant,Resistant,Resistant,Sensitive,Sensitive,Sensitive
Expression.G30592.TE_617.T.1,Sensitive,Sensitive,Sensitive,Sensitive,Sensitive,Sensitive,Sensitive,Sensitive,Sensitive
Expression.G30596.SW837.1,Resistant,Resistant,Resistant,Resistant,Resistant,Sensitive,Resistant,Sensitive,Sensitive
Expression.G30597.ZR.75.1.1,Resistant,Resistant,Resistant,Resistant,Resistant,Sensitive,Sensitive,Sensitive,Sensitive
Expression.G30598.TE.14.1,Resistant,Resistant,Resistant,Sensitive,Sensitive,Sensitive,Sensitive,Sensitive,Sensitive
Expression.G30599.WM.266.4.1,Resistant,Resistant,Resistant,Resistant,Resistant,Sensitive,Sensitive,Sensitive,Sensitive
Expression.G30600.U.BLC1.1,Resistant,Resistant,Resistant,Sensitive,Sensitive,Sensitive,Sensitive,Sensitive,Sensitive
Expression.G30602.TE.1.1,Resistant,Resistant,Resistant,Resistant,Resistant,Sensitive,Sensitive,Sensitive,Sensitive
Expression.G30605.YD.8.1,Resistant,Resistant,Resistant,Sensitive,Sensitive,Sensitive,Sensitive,Sensitive,Sensitive
Expression.G30606.SW.1710.1,Resistant,Resistant,Resistant,Resistant,Resistant,Resistant,Resistant,Sensitive,Sensitive
Expression.G30607.VMRC.RCW.1,Resistant,Resistant,Resistant,Resistant,Sensitive,Resistant,Sensitive,Sensitive,Sensitive
Expression.G30611.UM.UC.1.1,Resistant,Resistant,Sensitive,Sensitive,Sensitive,Sensitive,Sensitive,Sensitive,Sensitive
Expression.G30612.TE.10.1,Resistant,Resistant,Resistant,Sensitive,Sensitive,Sensitive,Sensitive,Sensitive,Sensitive
Expression.G30613.EFO.21.1,Resistant,Resistant,Sensitive,Sensitive,Sensitive,Sensitive,Sensitive,Sensitive,Sensitive
Expression.G30614.T84.1,Resistant,Resistant,Resistant,Sensitive,Sensitive,Sensitive,Sensitive,Sensitive,Sensitive
Expression.G30615.CAL.78.1,Resistant,Resistant,Sensitive,Sensitive,Sensitive,Sensitive,Sensitive,Sensitive,Sensitive
Expression.G30616.UO.31.1,Resistant,Sensitive,Sensitive,Sensitive,Sensitive,Sensitive,Sensitive,Sensitive,Sensitive
Expression.G30617.YH.13.1,Sensitive,Sensitive,Sensitive,Sensitive,Sensitive,Sensitive,Sensitive,Sensitive,Sensitive
Expression.G30620.SW_1573.1,Sensitive,Sensitive,Sensitive,Sensitive,Sensitive,Sensitive,Sensitive,Sensitive,Sensitive
Expression.G30622.TT2609.C02.1,Sensitive,Sensitive,Sensitive,Sensitive,Sensitive,Sensitive,Sensitive,Sensitive,Sensitive
Expression.G30625.SW1116.1,Resistant,Resistant,Sensitive,Sensitive,Sensitive,Sensitive,Sensitive,Sensitive,Sensitive
Expression.G30626.WM.115.1,Resistant,Resistant,Resistant,Sensitive,Sensitive,Sensitive,Sensitive,Sensitive,Sensitive
Expression.G30629.SNU.886.1,Resistant,Resistant,Sensitive,Sensitive,Sensitive,Sensitive,Sensitive,Sensitive,Sensitive
Expression.G30630.VM.CUB1.3,Sensitive,Resistant,Resistant,Sensitive,Sensitive,Sensitive,Sensitive,Sensitive,Sensitive
Expression.G30632.WM.793.1,Resistant,Sensitive,Sensitive,Sensitive,Sensitive,Sensitive,Sensitive,Sensitive,Sensitive
Expression.G30633.SNU.81.1,Resistant,Resistant,Resistant,Sensitive,Sensitive,Sensitive,Sensitive,Sensitive,Sensitive
Expression.G30635.WM983B.1,Resistant,Resistant,Resistant,Sensitive,Sensitive,Sensitive,Sensitive,Sensitive,Sensitive
Expression.G30636.U.118_MG.1,Resistant,Sensitive,Sensitive,Sensitive,Sensitive,Sensitive,Sensitive,Sensitive,Sensitive
Expression.G30638.TCC.PAN2.1,Resistant,Resistant,Resistant,Resistant,Sensitive,Sensitive,Sensitive,Sensitive,Sensitive
Expression.G30639.YD.15.3,Resistant,Resistant,Resistant,Sensitive,Sensitive,Sensitive,Sensitive,Sensitive,Sensitive
Expression.G30642.WM1799.1,Sensitive,Sensitive,Sensitive,Sensitive,Sensitive,Sensitive,Sensitive,Sensitive,Sensitive
Expression.G30643.YD.38.3,Resistant,Resistant,Resistant,Resistant,Sensitive,Sensitive,Sensitive,Sensitive,Sensitive
Expression.G30644.TE.4.1,Resistant,Resistant,Resistant,Resistant,Resistant,Sensitive,Sensitive,Sensitive,Sensitive
Expression.G30645.SW48.3,Resistant,Resistant,Sensitive,Sensitive,Sensitive,Sensitive,Sensitive,Sensitive,Sensitive
Expression.G41657.SNU.175.5,Sensitive,Sensitive,Sensitive,Sensitive,Sensitive,Sensitive,Sensitive,Sensitive,Sensitive
Expression.G41658.SNU.407.5,Resistant,Resistant,Resistant,Sensitive,Sensitive,Sensitive,Sensitive,Sensitive,Sensitive
Expression.G41663.OVISE.5,Resistant,Resistant,Sensitive,Sensitive,Sensitive,Sensitive,Sensitive,Sensitive,Sensitive
Expression.G41665.Hep_G2.5,Resistant,Resistant,Resistant,Resistant,Resistant,Resistant,Resistant,Sensitive,Resistant
Expression.G41666.VCaP.5,Resistant,Resistant,Resistant,Resistant,Sensitive,Sensitive,Sensitive,Sensitive,Sensitive
Expression.G41667.IPC.298.5,Resistant,Resistant,Resistant,Sensitive,Sensitive,Sensitive,Sensitive,Sensitive,Sensitive
Expression.G41668.A2780.5,Resistant,Resistant,Resistant,Resistant,Sensitive,Resistant,Sensitive,Sensitive,Sensitive
Expression.G41670.HT.29.5,Resistant,Resistant,Resistant,Sensitive,Resistant,Sensitive,Sensitive,Sensitive,Sensitive
Expression.G41671.NCI.H446.5,Resistant,Resistant,Resistant,Sensitive,Sensitive,Sensitive,Sensitive,Sensitive,Sensitive
Expression.G41672.SK.MEL.5.5,Resistant,Resistant,Resistant,Sensitive,Sensitive,Sensitive,Sensitive,Sensitive,Sensitive
Expression.G41673.NCI.H2122.5,Resistant,Resistant,Sensitive,Sensitive,Sensitive,Sensitive,Sensitive,Sensitive,Sensitive
Expression.G41676.MDA.MB.453.5,Resistant,Resistant,Sensitive,Sensitive,Sensitive,Sensitive,Sensitive,Sensitive,Sensitive
Expression.G41678.SF.295.5,Resistant,Resistant,Sensitive,Sensitive,Sensitive,Sensitive,Sensitive,Sensitive,Sensitive
Expression.G41680.IM95.5,Resistant,Resistant,Resistant,Sensitive,Sensitive,Sensitive,Sensitive,Sensitive,Sensitive
Expression.G41682.KYSE.510.5,Resistant,Sensitive,Sensitive,Sensitive,Sensitive,Sensitive,Sensitive,Sensitive,Sensitive
Expression.G41683.HUP.T4.5,Resistant,Resistant,Resistant,Sensitive,Resistant,Sensitive,Sensitive,Sensitive,Sensitive
Expression.G41684.PA.TU.8902.5,Resistant,Resistant,Resistant,Sensitive,Sensitive,Sensitive,Sensitive,Sensitive,Sensitive
Expression.G41685.KYSE.30.5,Resistant,Resistant,Resistant,Resistant,Resistant,Resistant,Sensitive,Sensitive,Sensitive
Expression.G41686.KYSE.150.5,Resistant,Resistant,Resistant,Sensitive,Sensitive,Sensitive,Sensitive,Sensitive,Sensitive
Expression.G41687.PSN1.5,Resistant,Resistant,Resistant,Sensitive,Sensitive,Sensitive,Sensitive,Sensitive,Sensitive
Expression.G41689.DAN.G.5,Resistant,Resistant,Sensitive,Sensitive,Sensitive,Sensitive,Sensitive,Sensitive,Sensitive
Expression.G41691.PA.TU.8988T.5,Resistant,Resistant,Resistant,Sensitive,Sensitive,Sensitive,Sensitive,Sensitive,Sensitive
Expression.G41695.YKG1.5,Resistant,Resistant,Sensitive,Sensitive,Sensitive,Sensitive,Sensitive,Sensitive,Sensitive
Expression.G41698.MOR_CPR.5,Resistant,Resistant,Resistant,Sensitive,Sensitive,Sensitive,Sensitive,Sensitive,Sensitive
Expression.G41701.8.MG.BA.5,Resistant,Resistant,Resistant,Resistant,Resistant,Sensitive,Sensitive,Sensitive,Sensitive
Expression.G41702.QGP.1.5,Resistant,Resistant,Resistant,Sensitive,Sensitive,Sensitive,Sensitive,Sensitive,Sensitive
Expression.G41703.NCI.H1568.5,Resistant,Resistant,Resistant,Resistant,Resistant,Sensitive,Sensitive,Sensitive,Sensitive
Expression.G41705.LS_180.5,Resistant,Resistant,Resistant,Sensitive,Sensitive,Sensitive,Sensitive,Sensitive,Sensitive
Expression.G41706.RT4.5,Resistant,Sensitive,Sensitive,Sensitive,Sensitive,Sensitive,Sensitive,Sensitive,Sensitive
Expression.G41708.SW948.5,Resistant,Resistant,Resistant,Sensitive,Sensitive,Sensitive,Sensitive,Sensitive,Sensitive
Expression.G41709.FaDu.5,Resistant,Resistant,Resistant,Sensitive,Sensitive,Sensitive,Sensitive,Sensitive,Sensitive
Expression.G41715.JHUEM.1.5,Resistant,Resistant,Resistant,Resistant,Sensitive,Sensitive,Sensitive,Sensitive,Sensitive
Expression.G41716.IA.LM.5,Resistant,Resistant,Resistant,Sensitive,Sensitive,Sensitive,Sensitive,Sensitive,Sensitive
Expression.G41719.SH.10.TC.5,Resistant,Resistant,Resistant,Resistant,Resistant,Resistant,Sensitive,Sensitive,Sensitive
Expression.G41721.NUGC.4.5,Resistant,Sensitive,Sensitive,Sensitive,Sensitive,Sensitive,Sensitive,Sensitive,Sensitive
Expression.G41722.KE.39.5,Resistant,Resistant,Resistant,Resistant,Resistant,Sensitive,Sensitive,Sensitive,Sensitive
Expression.G41725.PK.1.5,Resistant,Resistant,Sensitive,Sensitive,Sensitive,Sensitive,Sensitive,Sensitive,Sensitive
Expression.G41726.MCF7.5,Resistant,Resistant,Resistant,Resistant,Resistant,Resistant,Sensitive,Sensitive,Sensitive
Expression.G41730.NCI.H2342.5,Resistant,Sensitive,Sensitive,Sensitive,Sensitive,Sensitive,Sensitive,Sensitive,Sensitive
Expression.G41732.RKO.5,Resistant,Resistant,Resistant,Resistant,Resistant,Resistant,Sensitive,Sensitive,Sensitive
Expression.G41733.IST.MES1.5,Resistant,Resistant,Resistant,Resistant,Resistant,Resistant,Sensitive,Sensitive,Sensitive
Expression.G41734.NCI.H226.5,Resistant,Resistant,Resistant,Resistant,Sensitive,Sensitive,Sensitive,Sensitive,Sensitive
Expression.G41736.T.T.5,Resistant,Resistant,Resistant,Sensitive,Sensitive,Sensitive,Sensitive,Sensitive,Sensitive
Expression.G41737.OC_314.5,Resistant,Resistant,Resistant,Sensitive,Sensitive,Sensitive,Sensitive,Sensitive,Sensitive
Expression.G41738.T.47D.5,Resistant,Resistant,Resistant,Sensitive,Sensitive,Sensitive,Sensitive,Sensitive,Sensitive
Expression.G41739.Caki.1.5,Resistant,Resistant,Resistant,Resistant,Resistant,Resistant,Sensitive,Sensitive,Sensitive
Expression.G41740.NCI.H1435.5,Resistant,Resistant,Resistant,Resistant,Resistant,Resistant,Sensitive,Sensitive,Sensitive
Expression.G41742.Hs_888.T.5,Resistant,Resistant,Resistant,Sensitive,Sensitive,Sensitive,Sensitive,Sensitive,Sensitive
Expression.G41743.HCC1419.5,Resistant,Resistant,Resistant,Sensitive,Sensitive,Sensitive,Sensitive,Sensitive,Sensitive
Expression.G41744.NB.1.5,Resistant,Resistant,Resistant,Sensitive,Sensitive,Sensitive,Sensitive,Sensitive,Sensitive
Expression.G41745.NCI.H841.5,Resistant,Resistant,Resistant,Sensitive,Sensitive,Sensitive,Sensitive,Sensitive,Sensitive
Expression.G41749.LS513.5,Resistant,Resistant,Resistant,Sensitive,Sensitive,Sensitive,Sensitive,Sensitive,Sensitive
Expression.G41750.NCI.H1339.5,Resistant,Resistant,Resistant,Sensitive,Sensitive,Sensitive,Sensitive,Sensitive,Sensitive
Expression.G41751.JHH.6.5,Resistant,Resistant,Sensitive,Sensitive,Sensitive,Sensitive,Sensitive,Sensitive,Sensitive
Expression.G41752.HT115.1,Resistant,Resistant,Sensitive,Resistant,Sensitive,Sensitive,Sensitive,Sensitive,Sensitive
Expression.G41753.HT55.1,Resistant,Resistant,Resistant,Sensitive,Sensitive,Sensitive,Sensitive,Sensitive,Sensitive
Expression.G41807.HOP.62.1,Resistant,Resistant,Resistant,Sensitive,Sensitive,Sensitive,Sensitive,Sensitive,Sensitive
Expression.G41811.EKVX.1,Resistant,Resistant,Resistant,Resistant,Resistant,Resistant,Resistant,Sensitive,Sensitive
Expression.G41821.COLO.680N.1,Resistant,Resistant,Resistant,Resistant,Sensitive,Sensitive,Sensitive,Sensitive,Sensitive
,Resistant,Resistant,Resistant,Sensitive,Sensitive,Sensitive,Sensitive,Sensitive,Sensitive
,Resistant,Resistant,Resistant,Sensitive,Resistant,Sensitive,Sensitive,Sensitive,Sensitive
,Resistant,Resistant,Resistant,Sensitive,Resistant,Sensitive,Sensitive,Sensitive,Sensitive
,Resistant,Resistant,Resistant,Resistant,Sensitive,Resistant,Sensitive,Sensitive,Sensitive
,Resistant,Resistant,Resistant,Resistant,Resistant,Sensitive,Sensitive,Sensitive,Sensitive
,Resistant,Resistant,Resistant,Resistant,Resistant,Resistant,Resistant,Resistant,Resistant
,Resistant,Resistant,Resistant,Resistant,Resistant,Resistant,Resistant,Sensitive,Resistant
,Resistant,Sensitive,Sensitive,Sensitive,Sensitive,Sensitive,Sensitive,Sensitive,Sensitive
,Resistant,Resistant,Resistant,Resistant,Resistant,Resistant,Sensitive,Sensitive,Sensitive
,Resistant,Resistant,Sensitive,Sensitive,Sensitive,Sensitive,Sensitive,Sensitive,Sensitive
,Resistant,Resistant,Sensitive,Sensitive,Sensitive,Sensitive,Sensitive,Sensitive,Sensitive
,Sensitive,Sensitive,Sensitive,Sensitive,Sensitive,Sensitive,Sensitive,Sensitive,Sensitive
,Resistant,Resistant,Sensitive,Sensitive,Sensitive,Sensitive,Sensitive,Sensitive,Sensitive
,Resistant,Resistant,Resistant,Resistant,Resistant,Resistant,Resistant,Sensitive,Sensitive
,Resistant,Resistant,Resistant,Resistant,Resistant,Sensitive,Sensitive,Sensitive,Sensitive
,Resistant,Resistant,Resistant,Resistant,Sensitive,Sensitive,Sensitive,Sensitive,Sensitive
,Resistant,Sensitive,Sensitive,Sensitive,Sensitive,Sensitive,Sensitive,Sensitive,Sensitive
,Resistant,Resistant,Resistant,Sensitive,Sensitive,Sensitive,Sensitive,Sensitive,Sensitive
,Resistant,Resistant,Resistant,Sensitive,Sensitive,Sensitive,Sensitive,Sensitive,Sensitive
,Resistant,Resistant,Resistant,Sensitive,Sensitive,Sensitive,Sensitive,Sensitive,Sensitive
,Resistant,Resistant,Sensitive,Sensitive,Sensitive,Sensitive,Sensitive,Sensitive,Sensitive
,Resistant,Resistant,Resistant,Sensitive,Sensitive,Sensitive,Sensitive,Sensitive,Sensitive
,Resistant,Resistant,Resistant,Sensitive,Sensitive,Sensitive,Sensitive,Sensitive,Sensitive
,Resistant,Resistant,Resistant,Sensitive,Sensitive,Sensitive,Sensitive,Sensitive,Sensitive
,Resistant,Resistant,Resistant,Resistant,Resistant,Sensitive,Sensitive,Sensitive,Sensitive
,Resistant,Resistant,Resistant,Resistant,Sensitive,Sensitive,Sensitive,Sensitive,Sensitive
,Resistant,Sensitive,Sensitive,Sensitive,Sensitive,Sensitive,Sensitive,Sensitive,Sensitive
,Resistant,Resistant,Resistant,Resistant,Resistant,Resistant,Sensitive,Sensitive,Sensitive
,Resistant,Resistant,Resistant,Sensitive,Sensitive,Sensitive,Sensitive,Sensitive,Sensitive
